G_name,Ratio_SBM,Iter,Experiment,AP_train,AUC-ROC_train,AP_eval,AUC-ROC_eval,Top_Feature,Top_Importance
artificial_graph_sbmv_4_TestsMethodesCombinees_1_00_pos_0_00_1,1.0,1,GT_pos,0.09050901989432891,0.5381932373867298,0.02159867429108743,0.5130303958655229,GT_pos_dist,1.0
artificial_graph_sbmv_4_TestsMethodesCombinees_1_00_pos_0_00_1,1.0,1,Inferred_Commu louvain,0.143984367026729,0.7706899348768221,0.05094551327738024,0.7972666364750387,louvain_density,1.0
artificial_graph_sbmv_4_TestsMethodesCombinees_1_00_pos_0_00_1,1.0,1,Inferred_Commu louvain spatial stdized,0.17022160812611742,0.6887065748916544,0.09911860552466378,0.7656582662901593,spatial_louvain_density,1.0
artificial_graph_sbmv_4_TestsMethodesCombinees_1_00_pos_0_00_1,1.0,1,Deepwalk,0.3997233310599367,0.8674476812904123,0.12946433101160396,0.8272622409291918,deepwalk_dist,1.0
artificial_graph_sbmv_4_TestsMethodesCombinees_1_00_pos_0_00_1,1.0,1,SiNEcustom_spatial,0.27752824272923443,0.8114556536652067,0.11581183369564381,0.8451104214396079,SiNEcustom_spatial_dist,1.0
artificial_graph_sbmv_4_TestsMethodesCombinees_1_00_pos_0_00_1,1.0,1,SiNEcustom_sbm,0.3060511776134731,0.8164847389279011,0.0693255014569934,0.7922810218978102,SiNEcustom_sbm_dist,1.0
artificial_graph_sbmv_4_TestsMethodesCombinees_1_00_pos_0_00_1,1.0,1,GT_pos + louvain,0.15720676945728923,0.7617673642494612,0.04859874982805765,0.7677929031914326,louvain_density,0.83707696
artificial_graph_sbmv_4_TestsMethodesCombinees_1_00_pos_0_00_1,1.0,1,GT_pos + spatial louvain,0.15466250589128253,0.7095413566942455,0.07666803836481745,0.7414358783099793,spatial_louvain_density,0.8221265
artificial_graph_sbmv_4_TestsMethodesCombinees_1_00_pos_0_00_1,1.0,1,GT_pos + Deepwalk,0.32006297778791765,0.8305406846045099,0.11618452441871763,0.8053372582449784,deepwalk_dist,0.6972025
artificial_graph_sbmv_4_TestsMethodesCombinees_1_00_pos_0_00_1,1.0,1,GT_pos + SiNEcustom_spatial,0.26086080782251475,0.8256622401446151,0.10176261522052166,0.8268807608290265,SiNEcustom_spatial_dist,0.74049115
artificial_graph_sbmv_4_TestsMethodesCombinees_1_00_pos_0_00_1,1.0,1,SiNEcustom_sbm + spatial louvain,0.2873533943597995,0.8250017381631092,0.09570064179591004,0.8356168416005114,spatial_louvain_density,0.7737718
artificial_graph_sbmv_4_TestsMethodesCombinees_1_00_pos_0_00_1,1.0,1,Deepwalk + louvain,0.35569602439826187,0.8680154812394261,0.09101111544707878,0.8459403804145132,louvain_density,0.65243983
artificial_graph_sbmv_4_TestsMethodesCombinees_0_90_pos_0_10_1,0.9,1,GT_pos,0.06759286501968673,0.4760508308895406,0.01980784305267713,0.4955751026105221,GT_pos_dist,1.0
artificial_graph_sbmv_4_TestsMethodesCombinees_0_90_pos_0_10_1,0.9,1,Inferred_Commu louvain,0.12671368399845162,0.6667277614858259,0.040925615642280935,0.6845629551830406,louvain_density,1.0
artificial_graph_sbmv_4_TestsMethodesCombinees_0_90_pos_0_10_1,0.9,1,Inferred_Commu louvain spatial stdized,0.19096207222364286,0.7060239491691105,0.058026474024010094,0.7282375865452384,spatial_louvain_density,1.0
artificial_graph_sbmv_4_TestsMethodesCombinees_0_90_pos_0_10_1,0.9,1,Deepwalk,0.2203332130107764,0.7495845552297165,0.08700313683453084,0.7429068144442448,deepwalk_dist,1.0
artificial_graph_sbmv_4_TestsMethodesCombinees_0_90_pos_0_10_1,0.9,1,SiNEcustom_spatial,0.24487080078320772,0.7497678396871945,0.08007156115778702,0.777814430425229,SiNEcustom_spatial_dist,1.0
artificial_graph_sbmv_4_TestsMethodesCombinees_0_90_pos_0_10_1,0.9,1,SiNEcustom_sbm,0.1965199413192132,0.6629154447702835,0.07153165168953814,0.7434598747944334,SiNEcustom_sbm_dist,1.0
artificial_graph_sbmv_4_TestsMethodesCombinees_0_90_pos_0_10_1,0.9,1,GT_pos + louvain,0.11985999354525823,0.6411534701857282,0.03771601015531369,0.6655593482677133,louvain_density,0.75102234
artificial_graph_sbmv_4_TestsMethodesCombinees_0_90_pos_0_10_1,0.9,1,GT_pos + spatial louvain,0.1827235297083456,0.7179130009775171,0.05372760310392293,0.7161864816683019,spatial_louvain_density,0.7867478
artificial_graph_sbmv_4_TestsMethodesCombinees_0_90_pos_0_10_1,0.9,1,GT_pos + Deepwalk,0.15881184093957587,0.7398704789833821,0.06452005316860407,0.7212105968684789,deepwalk_dist,0.623544
artificial_graph_sbmv_4_TestsMethodesCombinees_0_90_pos_0_10_1,0.9,1,GT_pos + SiNEcustom_spatial,0.19793933112191095,0.7321969696969697,0.0694394796465527,0.7639948314699907,SiNEcustom_spatial_dist,0.6731094
artificial_graph_sbmv_4_TestsMethodesCombinees_0_90_pos_0_10_1,0.9,1,SiNEcustom_sbm + spatial louvain,0.19467959937755092,0.6971774193548387,0.08498164907785356,0.7758063045010433,spatial_louvain_density,0.7874142
artificial_graph_sbmv_4_TestsMethodesCombinees_0_90_pos_0_10_1,0.9,1,Deepwalk + louvain,0.23573831279240196,0.7607038123167156,0.05006953143158062,0.7317961332762124,louvain_density,0.725696
artificial_graph_sbmv_4_TestsMethodesCombinees_0_80_pos_0_20_1,0.8,1,GT_pos,0.09451428606211999,0.5355815850287734,0.02140914026505392,0.5310029752066115,GT_pos_dist,1.0
artificial_graph_sbmv_4_TestsMethodesCombinees_0_80_pos_0_20_1,0.8,1,Inferred_Commu louvain,0.17358784829385718,0.7415832162762246,0.04251015272258619,0.6398764958677685,louvain_density,1.0
artificial_graph_sbmv_4_TestsMethodesCombinees_0_80_pos_0_20_1,0.8,1,Inferred_Commu louvain spatial stdized,0.2305368341441004,0.7524581992840638,0.06553822300745847,0.758352,spatial_louvain_density,1.0
artificial_graph_sbmv_4_TestsMethodesCombinees_0_80_pos_0_20_1,0.8,1,Deepwalk,0.2082963565717982,0.6888055643663056,0.06390755406612303,0.7096047603305784,deepwalk_dist,1.0
artificial_graph_sbmv_4_TestsMethodesCombinees_0_80_pos_0_20_1,0.8,1,SiNEcustom_spatial,0.24921662729812258,0.7377769722234808,0.06401031271179061,0.7060060826446282,SiNEcustom_spatial_dist,1.0
artificial_graph_sbmv_4_TestsMethodesCombinees_0_80_pos_0_20_1,0.8,1,SiNEcustom_sbm,0.14283529713017754,0.6712243418369659,0.03487490505799458,0.668512,SiNEcustom_sbm_dist,1.0
artificial_graph_sbmv_4_TestsMethodesCombinees_0_80_pos_0_20_1,0.8,1,GT_pos + louvain,0.15961063256347435,0.730674248946486,0.0351209914172765,0.6525400330578512,louvain_density,0.68540746
artificial_graph_sbmv_4_TestsMethodesCombinees_0_80_pos_0_20_1,0.8,1,GT_pos + spatial louvain,0.214326720979367,0.7462730526983552,0.052106621968829425,0.7249176859504132,spatial_louvain_density,0.7049135
artificial_graph_sbmv_4_TestsMethodesCombinees_0_80_pos_0_20_1,0.8,1,GT_pos + Deepwalk,0.18738573505857128,0.6617880284562055,0.04503244239249042,0.692585785123967,deepwalk_dist,0.552898
artificial_graph_sbmv_4_TestsMethodesCombinees_0_80_pos_0_20_1,0.8,1,GT_pos + SiNEcustom_spatial,0.19720659827402431,0.7356359599438126,0.05834401590416464,0.7158406611570247,SiNEcustom_spatial_dist,0.6087878
artificial_graph_sbmv_4_TestsMethodesCombinees_0_80_pos_0_20_1,0.8,1,SiNEcustom_sbm + spatial louvain,0.21434579068146387,0.7227559019439032,0.0543925060331964,0.7375251570247934,spatial_louvain_density,0.7317047
artificial_graph_sbmv_4_TestsMethodesCombinees_0_80_pos_0_20_1,0.8,1,Deepwalk + louvain,0.2474928886993635,0.7432711042638996,0.053545624515450134,0.6865923966942149,louvain_density,0.661905
artificial_graph_sbmv_4_TestsMethodesCombinees_0_70_pos_0_30_1,0.7,1,GT_pos,0.08982307894642957,0.5789698552100642,0.029573047511895274,0.5860567632850242,GT_pos_dist,1.0
artificial_graph_sbmv_4_TestsMethodesCombinees_0_70_pos_0_30_1,0.7,1,Inferred_Commu louvain,0.1421470642909172,0.6988369333016853,0.04246523310100824,0.7091955471539593,louvain_density,1.0
artificial_graph_sbmv_4_TestsMethodesCombinees_0_70_pos_0_30_1,0.7,1,Inferred_Commu louvain spatial stdized,0.15958935335732755,0.7370994540707334,0.04001992195163746,0.6958973955051461,spatial_louvain_density,1.0
artificial_graph_sbmv_4_TestsMethodesCombinees_0_70_pos_0_30_1,0.7,1,Deepwalk,0.1830565305043783,0.6356040826014716,0.05082688815115978,0.6487656217181265,deepwalk_dist,1.0
artificial_graph_sbmv_4_TestsMethodesCombinees_0_70_pos_0_30_1,0.7,1,SiNEcustom_spatial,0.1612503898332813,0.6661405174460004,0.05738161328661038,0.6889845883217811,SiNEcustom_spatial_dist,1.0
artificial_graph_sbmv_4_TestsMethodesCombinees_0_70_pos_0_30_1,0.7,1,SiNEcustom_sbm,0.09244055778568613,0.5962378352717779,0.029339240111856055,0.6053291062801933,SiNEcustom_sbm_dist,1.0
artificial_graph_sbmv_4_TestsMethodesCombinees_0_70_pos_0_30_1,0.7,1,GT_pos + louvain,0.11940464178941103,0.6531331592689295,0.04150925032663391,0.6879476475530351,louvain_density,0.6106642
artificial_graph_sbmv_4_TestsMethodesCombinees_0_70_pos_0_30_1,0.7,1,GT_pos + spatial louvain,0.15936569430122585,0.7083194873012104,0.04093862060344492,0.7140705734089476,spatial_louvain_density,0.5828767
artificial_graph_sbmv_4_TestsMethodesCombinees_0_70_pos_0_30_1,0.7,1,GT_pos + Deepwalk,0.11466049389985543,0.6500237360550677,0.03916737277700917,0.6456973324931736,deepwalk_dist,0.5142652
artificial_graph_sbmv_4_TestsMethodesCombinees_0_70_pos_0_30_1,0.7,1,GT_pos + SiNEcustom_spatial,0.18466884164059386,0.7184785188701639,0.0534424936192138,0.725735927326192,SiNEcustom_spatial_dist,0.52348083
artificial_graph_sbmv_4_TestsMethodesCombinees_0_70_pos_0_30_1,0.7,1,SiNEcustom_sbm + spatial louvain,0.1300403039789191,0.7020056966532162,0.03642322078509928,0.6682818735559757,spatial_louvain_density,0.6201467
artificial_graph_sbmv_4_TestsMethodesCombinees_0_70_pos_0_30_1,0.7,1,Deepwalk + louvain,0.2082969072587603,0.7151079990505578,0.04645070483300254,0.6809619827767276,louvain_density,0.58864135
artificial_graph_sbmv_4_TestsMethodesCombinees_0_60_pos_0_40_1,0.6,1,GT_pos,0.10646402837859564,0.6208451704545455,0.03884776075540248,0.6517226863376298,GT_pos_dist,1.0
artificial_graph_sbmv_4_TestsMethodesCombinees_0_60_pos_0_40_1,0.6,1,Inferred_Commu louvain,0.11878532979636477,0.6535037878787879,0.033817950631119274,0.6382872186526607,louvain_density,1.0
artificial_graph_sbmv_4_TestsMethodesCombinees_0_60_pos_0_40_1,0.6,1,Inferred_Commu louvain spatial stdized,0.13817675641967017,0.6479403409090908,0.0319334792438124,0.6044529447796791,spatial_louvain_density,1.0
artificial_graph_sbmv_4_TestsMethodesCombinees_0_60_pos_0_40_1,0.6,1,Deepwalk,0.12050339323174773,0.6129971590909091,0.040455368473185066,0.6275817487521016,deepwalk_dist,1.0
artificial_graph_sbmv_4_TestsMethodesCombinees_0_60_pos_0_40_1,0.6,1,SiNEcustom_spatial,0.12651951171599787,0.6096117424242424,0.04594841960207856,0.6235204420753561,SiNEcustom_spatial_dist,1.0
artificial_graph_sbmv_4_TestsMethodesCombinees_0_60_pos_0_40_1,0.6,1,SiNEcustom_sbm,0.10689582446654264,0.6169389204545455,0.029829217238307337,0.6096916420127984,SiNEcustom_sbm_dist,1.0
artificial_graph_sbmv_4_TestsMethodesCombinees_0_60_pos_0_40_1,0.6,1,GT_pos + louvain,0.13789446773319025,0.7058712121212122,0.04375725638798796,0.7261654654693792,louvain_density,0.62480843
artificial_graph_sbmv_4_TestsMethodesCombinees_0_60_pos_0_40_1,0.6,1,GT_pos + spatial louvain,0.13136740378470552,0.6942945075757576,0.04248021485408364,0.7133203873372519,spatial_louvain_density,0.53558964
artificial_graph_sbmv_4_TestsMethodesCombinees_0_60_pos_0_40_1,0.6,1,GT_pos + Deepwalk,0.11343895401468826,0.6447206439393939,0.05475128726148472,0.6707036452970846,GT_pos_dist,0.51810825
artificial_graph_sbmv_4_TestsMethodesCombinees_0_60_pos_0_40_1,0.6,1,GT_pos + SiNEcustom_spatial,0.16157657273805603,0.6895241477272728,0.052899295810716736,0.7015834951582843,GT_pos_dist,0.5123163
artificial_graph_sbmv_4_TestsMethodesCombinees_0_60_pos_0_40_1,0.6,1,SiNEcustom_sbm + spatial louvain,0.18381424184330014,0.6953716856060606,0.034383059306815095,0.638372714358326,spatial_louvain_density,0.5864283
artificial_graph_sbmv_4_TestsMethodesCombinees_0_60_pos_0_40_1,0.6,1,Deepwalk + louvain,0.1409233173425757,0.6663470643939393,0.03717258835747059,0.6505529851816132,louvain_density,0.61938024
artificial_graph_sbmv_4_TestsMethodesCombinees_0_50_pos_0_50_1,0.5,1,GT_pos,0.12244551172467169,0.639317341377968,0.05843819959974522,0.6864723839674374,GT_pos_dist,1.0
artificial_graph_sbmv_4_TestsMethodesCombinees_0_50_pos_0_50_1,0.5,1,Inferred_Commu louvain,0.14027989622844897,0.6449129038536395,0.028520688465879726,0.5374691898920233,louvain_density,1.0
artificial_graph_sbmv_4_TestsMethodesCombinees_0_50_pos_0_50_1,0.5,1,Inferred_Commu louvain spatial stdized,0.12054422616321735,0.5785933242506812,0.02614475120700409,0.5165703261914184,spatial_louvain_density,1.0
artificial_graph_sbmv_4_TestsMethodesCombinees_0_50_pos_0_50_1,0.5,1,Deepwalk,0.13114466150594165,0.6471268003114052,0.03456881923489711,0.636049098309684,deepwalk_dist,1.0
artificial_graph_sbmv_4_TestsMethodesCombinees_0_50_pos_0_50_1,0.5,1,SiNEcustom_spatial,0.12098981064584538,0.6705308485792137,0.03510254369716653,0.628727033749788,SiNEcustom_spatial_dist,1.0
artificial_graph_sbmv_4_TestsMethodesCombinees_0_50_pos_0_50_1,0.5,1,SiNEcustom_sbm,0.09710316972990304,0.5669886142467887,0.03443281393959986,0.6197905477980665,SiNEcustom_sbm_dist,1.0
artificial_graph_sbmv_4_TestsMethodesCombinees_0_50_pos_0_50_1,0.5,1,GT_pos + louvain,0.13971955375293388,0.6496448034254574,0.04074252629899176,0.652016366103228,GT_pos_dist,0.53100127
artificial_graph_sbmv_4_TestsMethodesCombinees_0_50_pos_0_50_1,0.5,1,GT_pos + spatial louvain,0.1658347429711106,0.7120839820942,0.0541723473803022,0.6997256769743909,spatial_louvain_density,0.51566726
artificial_graph_sbmv_4_TestsMethodesCombinees_0_50_pos_0_50_1,0.5,1,GT_pos + Deepwalk,0.14193817552025376,0.6881690346438303,0.04458402780468716,0.7012952965119565,GT_pos_dist,0.55334353
artificial_graph_sbmv_4_TestsMethodesCombinees_0_50_pos_0_50_1,0.5,1,GT_pos + SiNEcustom_spatial,0.15364362006500645,0.708641494745037,0.052382763524801056,0.7010625247328848,GT_pos_dist,0.58301616
artificial_graph_sbmv_4_TestsMethodesCombinees_0_50_pos_0_50_1,0.5,1,SiNEcustom_sbm + spatial louvain,0.11777080268921122,0.5934702218762165,0.033989991792127736,0.6336032279947991,SiNEcustom_sbm_dist,0.5064873
artificial_graph_sbmv_4_TestsMethodesCombinees_0_50_pos_0_50_1,0.5,1,Deepwalk + louvain,0.1539296308081473,0.6832425068119892,0.032506841764323995,0.6215812086607496,deepwalk_dist,0.5128449
artificial_graph_sbmv_4_TestsMethodesCombinees_0_40_pos_0_60_1,0.3999999999999999,1,GT_pos,0.290193562229531,0.7177646102009991,0.05829277747361441,0.7162008077392692,GT_pos_dist,1.0
artificial_graph_sbmv_4_TestsMethodesCombinees_0_40_pos_0_60_1,0.3999999999999999,1,Inferred_Commu louvain,0.14024119872890556,0.6884628790519345,0.03722524869733311,0.6808123012518617,louvain_density,1.0
artificial_graph_sbmv_4_TestsMethodesCombinees_0_40_pos_0_60_1,0.3999999999999999,1,Inferred_Commu louvain spatial stdized,0.07063721575245036,0.4948646450563495,0.0219691659632239,0.4967691770988474,spatial_louvain_density,1.0
artificial_graph_sbmv_4_TestsMethodesCombinees_0_40_pos_0_60_1,0.3999999999999999,1,Deepwalk,0.14942248205668482,0.6290693621470895,0.03629346184612853,0.627423150719854,deepwalk_dist,1.0
artificial_graph_sbmv_4_TestsMethodesCombinees_0_40_pos_0_60_1,0.3999999999999999,1,SiNEcustom_spatial,0.0957943108157584,0.5578017892413152,0.025114624557538077,0.5540684834091427,SiNEcustom_spatial_dist,1.0
artificial_graph_sbmv_4_TestsMethodesCombinees_0_40_pos_0_60_1,0.3999999999999999,1,SiNEcustom_sbm,0.16791895818801333,0.7375275938189845,0.04755566051796611,0.6817269787599458,SiNEcustom_sbm_dist,1.0
artificial_graph_sbmv_4_TestsMethodesCombinees_0_40_pos_0_60_1,0.3999999999999999,1,GT_pos + louvain,0.30156597680628133,0.6973974671778784,0.05377757746424444,0.7160022273209086,GT_pos_dist,0.61847925
artificial_graph_sbmv_4_TestsMethodesCombinees_0_40_pos_0_60_1,0.3999999999999999,1,GT_pos + spatial louvain,0.18354312085382724,0.7356337864528872,0.04954891779877529,0.680812032899945,GT_pos_dist,0.62293965
artificial_graph_sbmv_4_TestsMethodesCombinees_0_40_pos_0_60_1,0.3999999999999999,1,GT_pos + Deepwalk,0.2874926531132425,0.7011269896595794,0.05306147632800813,0.6953593903044452,GT_pos_dist,0.6329665
artificial_graph_sbmv_4_TestsMethodesCombinees_0_40_pos_0_60_1,0.3999999999999999,1,GT_pos + SiNEcustom_spatial,0.17738128459400498,0.7079237829673521,0.04881114135742408,0.6999090287002374,GT_pos_dist,0.62607336
artificial_graph_sbmv_4_TestsMethodesCombinees_0_40_pos_0_60_1,0.3999999999999999,1,SiNEcustom_sbm + spatial louvain,0.1882698804397403,0.7374695015684907,0.042655343806680006,0.6177529552254828,SiNEcustom_sbm_dist,0.57475847
artificial_graph_sbmv_4_TestsMethodesCombinees_0_40_pos_0_60_1,0.3999999999999999,1,Deepwalk + louvain,0.20476346748391033,0.7138608109678168,0.04534328624615015,0.6702319902319902,louvain_density,0.7133197
artificial_graph_sbmv_4_TestsMethodesCombinees_0_30_pos_0_70_1,0.29999999999999993,1,GT_pos,0.2277379007067447,0.7516615238547353,0.08780550732796855,0.7612454222002111,GT_pos_dist,1.0
artificial_graph_sbmv_4_TestsMethodesCombinees_0_30_pos_0_70_1,0.29999999999999993,1,Inferred_Commu louvain,0.17322341772885153,0.7586161879895561,0.039318167529768425,0.7092567347417534,louvain_density,1.0
artificial_graph_sbmv_4_TestsMethodesCombinees_0_30_pos_0_70_1,0.29999999999999993,1,Inferred_Commu louvain spatial stdized,0.09708382709082937,0.5968787087586043,0.019230644975421426,0.4991086812026744,spatial_louvain_density,1.0
artificial_graph_sbmv_4_TestsMethodesCombinees_0_30_pos_0_70_1,0.29999999999999993,1,Deepwalk,0.1591221675096908,0.6895798718253027,0.046032208845072184,0.6812187047921907,deepwalk_dist,1.0
artificial_graph_sbmv_4_TestsMethodesCombinees_0_30_pos_0_70_1,0.29999999999999993,1,SiNEcustom_spatial,0.1444739268281035,0.6556847851887015,0.033050919872116946,0.6301361936164944,SiNEcustom_spatial_dist,1.0
artificial_graph_sbmv_4_TestsMethodesCombinees_0_30_pos_0_70_1,0.29999999999999993,1,SiNEcustom_sbm,0.18577815354761082,0.7538571089484928,0.056288725475926164,0.7367275736683654,SiNEcustom_sbm_dist,1.0
artificial_graph_sbmv_4_TestsMethodesCombinees_0_30_pos_0_70_1,0.29999999999999993,1,GT_pos + louvain,0.24660872585728394,0.7345953002610967,0.07875918495759975,0.7606926976762373,GT_pos_dist,0.6665515
artificial_graph_sbmv_4_TestsMethodesCombinees_0_30_pos_0_70_1,0.29999999999999993,1,GT_pos + spatial louvain,0.1922247863098803,0.760776169000712,0.06928292683479768,0.7436881752661966,GT_pos_dist,0.6745103
artificial_graph_sbmv_4_TestsMethodesCombinees_0_30_pos_0_70_1,0.29999999999999993,1,GT_pos + Deepwalk,0.1908412664947007,0.7196415855684785,0.06991067036452517,0.7343429472559266,GT_pos_dist,0.67209786
artificial_graph_sbmv_4_TestsMethodesCombinees_0_30_pos_0_70_1,0.29999999999999993,1,GT_pos + SiNEcustom_spatial,0.21205414022455954,0.7433895086636602,0.06419774661684574,0.7565521510771678,GT_pos_dist,0.69389755
artificial_graph_sbmv_4_TestsMethodesCombinees_0_30_pos_0_70_1,0.29999999999999993,1,SiNEcustom_sbm + spatial louvain,0.1766489529953631,0.7294920484215524,0.05747452313599373,0.7185468336613275,SiNEcustom_sbm_dist,0.6426773
artificial_graph_sbmv_4_TestsMethodesCombinees_0_30_pos_0_70_1,0.29999999999999993,1,Deepwalk + louvain,0.2022611785329561,0.7681224780441491,0.05242647249018294,0.7179740384991333,louvain_density,0.7361159
artificial_graph_sbmv_4_TestsMethodesCombinees_0_20_pos_0_80_1,0.19999999999999996,1,GT_pos,0.2994939869644384,0.7909245317664342,0.1123275596054543,0.841006066285888,GT_pos_dist,1.0
artificial_graph_sbmv_4_TestsMethodesCombinees_0_20_pos_0_80_1,0.19999999999999996,1,Inferred_Commu louvain,0.1858500560281235,0.7969266434080059,0.05929292252624263,0.7962886741555959,louvain_density,1.0
artificial_graph_sbmv_4_TestsMethodesCombinees_0_20_pos_0_80_1,0.19999999999999996,1,Inferred_Commu louvain spatial stdized,0.0816961311289735,0.5177309034153507,0.019055457512116795,0.4932256430389686,spatial_louvain_density,1.0
artificial_graph_sbmv_4_TestsMethodesCombinees_0_20_pos_0_80_1,0.19999999999999996,1,Deepwalk,0.16889237123320755,0.7258653139919207,0.06307481499977581,0.7496299438963538,deepwalk_dist,1.0
artificial_graph_sbmv_4_TestsMethodesCombinees_0_20_pos_0_80_1,0.19999999999999996,1,SiNEcustom_spatial,0.09367786525523505,0.603654058024238,0.03298095504381281,0.651990349666291,SiNEcustom_spatial_dist,1.0
artificial_graph_sbmv_4_TestsMethodesCombinees_0_20_pos_0_80_1,0.19999999999999996,1,SiNEcustom_sbm,0.22996298206249588,0.783189496878443,0.07935994350798709,0.7817083116981802,SiNEcustom_sbm_dist,1.0
artificial_graph_sbmv_4_TestsMethodesCombinees_0_20_pos_0_80_1,0.19999999999999996,1,GT_pos + louvain,0.271475189048987,0.7829829232464194,0.11587511274301794,0.8411832423601524,GT_pos_dist,0.7320758
artificial_graph_sbmv_4_TestsMethodesCombinees_0_20_pos_0_80_1,0.19999999999999996,1,GT_pos + spatial louvain,0.26200489409125355,0.7689129636430407,0.10220362633494319,0.824544901913603,GT_pos_dist,0.71897566
artificial_graph_sbmv_4_TestsMethodesCombinees_0_20_pos_0_80_1,0.19999999999999996,1,GT_pos + Deepwalk,0.2760059779251521,0.7731362467866325,0.10787228561950214,0.8327466724078976,GT_pos_dist,0.7135042
artificial_graph_sbmv_4_TestsMethodesCombinees_0_20_pos_0_80_1,0.19999999999999996,1,GT_pos + SiNEcustom_spatial,0.30695919533669347,0.7937362284245317,0.0853130335287207,0.8234986892263269,GT_pos_dist,0.723216
artificial_graph_sbmv_4_TestsMethodesCombinees_0_20_pos_0_80_1,0.19999999999999996,1,SiNEcustom_sbm + spatial louvain,0.22740632829698437,0.7591695739992657,0.08346186141116044,0.7750336241942224,SiNEcustom_sbm_dist,0.7099796
artificial_graph_sbmv_4_TestsMethodesCombinees_0_20_pos_0_80_1,0.19999999999999996,1,Deepwalk + louvain,0.20366092279828435,0.77535117517444,0.06331008579996755,0.7912178163903698,louvain_density,0.802331
artificial_graph_sbmv_4_TestsMethodesCombinees_0_10_pos_0_90_1,0.09999999999999998,1,GT_pos,0.31676024245039835,0.8388381380829968,0.16354283353173046,0.8833544407998886,GT_pos_dist,1.0
artificial_graph_sbmv_4_TestsMethodesCombinees_0_10_pos_0_90_1,0.09999999999999998,1,Inferred_Commu louvain,0.17112232227084653,0.7718164708042601,0.06449982918817146,0.7945172933473487,louvain_density,1.0
artificial_graph_sbmv_4_TestsMethodesCombinees_0_10_pos_0_90_1,0.09999999999999998,1,Inferred_Commu louvain spatial stdized,0.07124183050794045,0.4865956665442526,0.018841961702450442,0.48025480933625453,spatial_louvain_density,1.0
artificial_graph_sbmv_4_TestsMethodesCombinees_0_10_pos_0_90_1,0.09999999999999998,1,Deepwalk,0.2183867637975408,0.7869537275064267,0.07271427073898205,0.8124529831182483,deepwalk_dist,1.0
artificial_graph_sbmv_4_TestsMethodesCombinees_0_10_pos_0_90_1,0.09999999999999998,1,SiNEcustom_spatial,0.12222464880664001,0.6834373852368711,0.04134287138616804,0.6798923519205684,SiNEcustom_spatial_dist,1.0
artificial_graph_sbmv_4_TestsMethodesCombinees_0_10_pos_0_90_1,0.09999999999999998,1,SiNEcustom_sbm,0.23187428815777922,0.7958363936834374,0.10077232690038522,0.8263536429376527,SiNEcustom_sbm_dist,1.0
artificial_graph_sbmv_4_TestsMethodesCombinees_0_10_pos_0_90_1,0.09999999999999998,1,GT_pos + louvain,0.29064159026805264,0.8379315093646713,0.15931719402225997,0.8803209179215057,GT_pos_dist,0.7403918
artificial_graph_sbmv_4_TestsMethodesCombinees_0_10_pos_0_90_1,0.09999999999999998,1,GT_pos + spatial louvain,0.28454338369049453,0.8096883033419022,0.13047554838963563,0.8615938247995846,GT_pos_dist,0.7312835
artificial_graph_sbmv_4_TestsMethodesCombinees_0_10_pos_0_90_1,0.09999999999999998,1,GT_pos + Deepwalk,0.33986203785622715,0.8536196290855673,0.12334465865993023,0.86816099086891,GT_pos_dist,0.761559
artificial_graph_sbmv_4_TestsMethodesCombinees_0_10_pos_0_90_1,0.09999999999999998,1,GT_pos + SiNEcustom_spatial,0.3135374283204291,0.838206940874036,0.15664476488663984,0.872407011056091,GT_pos_dist,0.7384966
artificial_graph_sbmv_4_TestsMethodesCombinees_0_10_pos_0_90_1,0.09999999999999998,1,SiNEcustom_sbm + spatial louvain,0.20155389213802943,0.7407845207491737,0.09357349238715479,0.8051354466128847,SiNEcustom_sbm_dist,0.7176035
artificial_graph_sbmv_4_TestsMethodesCombinees_0_10_pos_0_90_1,0.09999999999999998,1,Deepwalk + louvain,0.25420734837943565,0.8241484575835476,0.0900057249285505,0.8389269386152657,louvain_density,0.8341775
artificial_graph_sbmv_4_TestsMethodesCombinees_0_00_pos_1_00_1,0.0,1,GT_pos,0.38194999986510586,0.8547581728616211,0.15658469645544687,0.9144068036124922,GT_pos_dist,1.0
artificial_graph_sbmv_4_TestsMethodesCombinees_0_00_pos_1_00_1,0.0,1,Inferred_Commu louvain,0.1715372992884301,0.7856806986117332,0.07316855587919288,0.8167460592746753,louvain_density,1.0
artificial_graph_sbmv_4_TestsMethodesCombinees_0_00_pos_1_00_1,0.0,1,Inferred_Commu louvain spatial stdized,0.07009215613218014,0.5001119570085087,0.02239857564976304,0.5402696522398223,spatial_louvain_density,1.0
artificial_graph_sbmv_4_TestsMethodesCombinees_0_00_pos_1_00_1,0.0,1,Deepwalk,0.2757699575910628,0.8122704881325571,0.09274882265099416,0.842325252758829,deepwalk_dist,1.0
artificial_graph_sbmv_4_TestsMethodesCombinees_0_00_pos_1_00_1,0.0,1,SiNEcustom_spatial,0.14357296140753986,0.7113972234661889,0.04467408622938658,0.7443032592078724,SiNEcustom_spatial_dist,1.0
artificial_graph_sbmv_4_TestsMethodesCombinees_0_00_pos_1_00_1,0.0,1,SiNEcustom_sbm,0.3416077355997825,0.834986565158979,0.09690136232535476,0.8592047892498811,SiNEcustom_sbm_dist,1.0
artificial_graph_sbmv_4_TestsMethodesCombinees_0_00_pos_1_00_1,0.0,1,GT_pos + louvain,0.37466646745978605,0.8535266457680251,0.1512341440527128,0.9094997494893438,GT_pos_dist,0.8269944
artificial_graph_sbmv_4_TestsMethodesCombinees_0_00_pos_1_00_1,0.0,1,GT_pos + spatial louvain,0.3700874805201599,0.864218540080609,0.1534583408104272,0.9016213820480209,GT_pos_dist,0.79164755
artificial_graph_sbmv_4_TestsMethodesCombinees_0_00_pos_1_00_1,0.0,1,GT_pos + Deepwalk,0.35608461456715057,0.8696148678907298,0.14418155388895196,0.905043357613597,GT_pos_dist,0.80159515
artificial_graph_sbmv_4_TestsMethodesCombinees_0_00_pos_1_00_1,0.0,1,GT_pos + SiNEcustom_spatial,0.33073866410908037,0.8439207344379758,0.13017883018924215,0.8942053673513959,GT_pos_dist,0.7855894
artificial_graph_sbmv_4_TestsMethodesCombinees_0_00_pos_1_00_1,0.0,1,SiNEcustom_sbm + spatial louvain,0.27013559719119096,0.8157747424988804,0.09497605175129496,0.848929484461916,SiNEcustom_sbm_dist,0.6904791
artificial_graph_sbmv_4_TestsMethodesCombinees_0_00_pos_1_00_1,0.0,1,Deepwalk + louvain,0.2558578027805921,0.8535490371697269,0.10264121193404152,0.8725313138320423,louvain_density,0.8716504
